economy,YR2000,YR2001,YR2002,YR2003,YR2004,YR2005,YR2006,YR2007,YR2008,YR2009,YR2010,YR2011,YR2012,YR2013,YR2014,YR2015,YR2016,YR2017,YR2018,YR2019,YR2020,YR2021
ABW,14.427,13.739,12.992,12.621,11.921,12.348,13.055,12.962,12.748,12.35,12.193,12.246,12.723,13.316,13.533,12.428,12.3,11.53,9.881,9.138,8.102,7.193
AFE,40.5282366204827,40.3412087688409,40.0473245655938,39.7501383163781,39.5758936056783,39.4073914877127,39.2371051834383,39.0005162132148,38.8516916248508,38.3649390345244,37.94026040159,37.4839865973754,36.9212999134488,36.4471387689831,36.0283180222545,35.613314413334,35.1890156798769,34.892536215237,34.6110222280802,34.3414501958511,33.9167457004664,33.5462662739603
AFG,49.664,48.979,48.201,47.35,46.33,45.263,44.721,43.858,41.506,41.157,40.602,39.855,40.009,39.601,39.105,38.803,37.936,37.342,36.927,36.466,36.051,35.842
AFW,43.199552914664,43.0755005572826,42.92712139574,42.7468822514591,42.50271696436,42.4215417572489,42.1932965005806,41.9430101942891,41.7547946576523,41.503758373194,41.2196289494656,40.89423504479,40.4164306095187,39.8565056138635,39.3353523493593,38.8592103057945,38.3931003372055,37.8816606343002,37.447086796285,37.02783362633,36.6157297910259,36.237033763471
AGO,47.647,47.574,47.448,47.226,47.099,46.944,46.643,46.29,45.889,45.495,44.97,44.364,43.86,43.282,42.676,42.02,41.377,40.81,40.236,39.725,39.271,38.809
ALB,17.076,16.12,15.209,14.668,13.978,13.235,12.539,12.07,11.868,11.841,11.92,12.035,12.227,12.279,12.15,11.718,11.289,10.87,10.517,10.343,10.285,10.24
AND,11.3,11.8,11.2,10.3,10.9,10.7,10.6,10.1,10.4,9.9,9.8,0.0,9.5,0.0,0.0,0.0,8.8,0.0,7.2,7.0,0.0,0.0
ARB,28.9650760484675,28.7018543391566,28.36912402169,28.2021060893124,27.9941163634116,27.8594761355761,27.8709871754098,27.9897315339931,27.971228198964,27.925863188839,28.1075370126172,28.1139813043317,28.0315600768501,27.873278434089,27.5261121605877,27.0580786287056,26.0656767006396,25.5825208322091,25.102987335756,24.5986203848929,24.2344825979038,23.7748332749749
ARE,16.66,16.525,16.401,16.43,16.094,15.206,14.484,14.24,14.08,13.9,13.665,13.292,12.911,12.438,11.989,11.478,10.993,10.62,10.049,9.75,10.62,10.307
ARG,19.366,18.983,18.756,18.453,18.352,18.353,18.194,18.005,17.812,17.849,17.87,17.806,17.729,17.632,17.504,17.346,16.824,16.206,15.187,14.783,14.125,13.902
ARM,12.51,12.157,12.19,12.482,12.822,13.033,11.759,12.578,13.038,14.255,13.898,14.046,15.094,15.055,15.842,14.641,14.504,13.606,13.307,12.892,12.455,12.049
ASM,0.0,0.0,0.0,0.0,0.0,0.0,21.6,0.0,0.0,0.0,18.7,0.0,0.0,0.0,17.5,0.0,0.0,16.6,0.0,0.0,12.7,0.0
ATG,19.829,18.091,17.202,16.521,16.013,15.668,15.511,15.637,17.039,16.632,14.715,14.313,13.497,12.469,12.325,12.591,11.659,11.789,10.816,11.485,12.16,12.115
AUS,13.0,12.7,12.8,12.6,12.3,12.8,12.9,14.1,14.0,13.9,13.7,13.6,13.7,13.3,13.2,12.9,12.9,12.6,12.6,12.1,11.5,12.1
AUT,9.8,9.4,9.7,9.5,9.7,9.5,9.4,9.2,9.3,9.2,9.4,9.3,9.4,9.4,9.6,9.8,10.0,10.0,9.7,9.6,9.4,9.6
AZE,14.5,13.6,13.5,13.8,15.8,16.9,17.6,17.7,17.4,17.0,18.3,19.2,18.8,18.3,17.9,17.2,16.3,14.6,14.0,14.1,12.5,11.1
BDI,42.473,42.882,43.807,44.485,45.297,46.03,46.38,46.525,46.562,46.681,46.691,45.583,44.413,43.402,42.356,41.321,39.479,38.124,37.011,36.323,35.603,34.842
BEL,11.4,11.2,10.9,11.0,11.3,11.4,11.6,11.7,11.9,11.8,11.9,11.7,11.5,11.3,11.2,10.8,10.8,10.5,10.4,10.2,9.9,10.2
BEN,41.672,41.375,41.251,41.405,41.23,40.926,40.885,40.423,39.897,39.642,39.332,39.202,39.122,39.129,39.192,39.022,38.934,38.678,38.186,37.675,37.114,36.608
BFA,45.188,44.812,44.463,44.461,44.235,44.219,44.372,44.152,43.883,43.524,43.206,42.805,42.336,41.71,40.965,40.088,38.977,37.898,37.294,36.689,36.085,35.541
BGD,28.956,28.49,27.968,27.32,26.586,25.509,24.649,23.978,23.13,22.268,21.379,20.569,20.117,19.9,19.537,19.158,19.002,18.495,18.462,18.35,18.053,17.821
BGR,9.0,8.5,8.5,8.7,9.1,9.3,9.7,10.0,10.4,10.9,10.2,9.6,9.5,9.2,9.4,9.2,9.1,9.0,8.9,8.8,8.5,8.5
BHR,20.739,20.129,20.471,20.869,20.648,19.911,18.705,17.526,16.732,16.089,15.845,15.759,15.955,15.862,15.953,15.791,15.181,14.506,13.818,13.198,12.621,11.926
BHS,18.215,18.009,17.161,16.42,16.408,17.269,14.966,15.392,16.39,16.396,14.858,14.075,14.114,12.244,13.57,12.812,12.188,11.653,11.566,11.487,11.49,11.445
BIH,10.068,9.816,9.902,9.86,9.842,9.582,9.374,9.794,9.835,9.851,9.492,8.878,9.211,8.949,8.768,8.842,8.953,9.02,9.067,8.819,8.611,8.42
BLR,9.4,9.2,8.9,9.0,9.1,9.3,9.9,10.7,11.1,11.4,11.4,11.5,12.2,12.5,12.5,12.5,12.4,10.8,9.9,9.3,9.47,9.283
BLZ,30.388,29.845,29.185,28.036,27.2,26.673,25.459,24.595,24.033,23.264,22.533,22.53,22.43,22.335,22.097,21.709,21.36,21.129,21.015,18.886,17.881,17.976
BMU,13.5,13.3,13.2,13.2,13.2,13.1,12.5,13.4,12.8,12.5,12.0,10.6,10.4,10.5,9.3,9.4,9.3,9.0,8.3,8.2,8.4,7.7
BOL,29.717,29.052,28.572,28.18,27.754,27.424,27.423,26.988,26.546,26.132,25.749,25.338,24.934,24.541,24.14,23.74,23.355,22.986,22.634,22.323,22.056,21.836
BRA,19.841,19.271,18.574,17.85,17.632,17.335,16.852,16.372,15.943,15.715,15.492,15.309,14.939,14.69,14.753,14.727,14.051,14.159,14.133,13.633,13.078,12.883
BRB,13.955,13.823,13.77,13.68,13.547,13.371,13.177,12.943,12.681,12.396,12.115,11.846,11.603,11.392,11.221,11.095,11.009,10.952,10.913,10.885,10.859,10.832
BRN,19.012,18.618,18.225,17.857,17.483,17.138,16.881,16.746,16.773,16.91,17.128,17.344,17.334,17.203,16.942,16.546,16.054,15.544,15.05,14.585,14.165,13.8
BTN,25.58,24.384,23.399,22.386,22.451,22.0,21.337,21.078,20.651,20.009,19.541,18.994,18.541,18.218,17.743,17.152,16.076,14.912,13.789,12.871,12.65,12.482
BWA,28.961,28.906,28.477,28.178,28.141,28.404,28.635,28.563,28.406,28.175,27.898,27.596,27.407,27.097,26.771,26.409,26.13,25.672,25.328,24.887,24.195,23.576
CAF,43.259,42.809,42.635,42.765,42.545,42.633,42.771,42.776,42.925,43.019,43.237,43.223,43.006,42.414,41.921,41.044,41.209,41.602,41.831,41.92,42.175,42.68
CAN,10.7,10.8,10.5,10.6,10.6,10.7,11.0,11.3,11.5,11.4,11.2,11.0,11.0,10.9,10.9,10.7,10.6,10.3,10.1,9.9,9.5,9.6
CEB,9.77092743419176,9.43689219382705,9.27703769430054,9.28417867874175,9.49946853674401,9.76067384088354,9.95849846965394,10.2076348610633,10.7450559900911,10.7825508634384,10.5442007818566,9.97322278608419,9.97663319700431,9.63832192953901,9.93466941518682,9.88846999346859,10.1346966663527,10.37061863823,10.1765481302229,9.90959217415382,9.63709805049757,9.26899267246135
CHE,10.9,10.0,9.9,9.8,9.9,9.8,9.8,9.9,10.0,10.1,10.3,10.2,10.3,10.2,10.4,10.5,10.5,10.3,10.3,10.0,9.9,10.3
CHI,11.4310489587491,11.1130892059927,10.9059775629047,10.9342663188195,10.9203011943452,10.970861550911,11.0800407934994,11.2318485886768,11.3545881210552,11.3215301725522,11.1385113392339,10.9999429726459,10.7173703355798,10.469729777088,10.2975539425276,10.0622726431963,9.94985371455097,9.72671972883818,9.66166245164685,9.8341302166342,10.0109284507898,10.1168036228233
CHL,15.963,15.658,15.367,14.802,14.379,14.169,14.139,14.301,14.459,14.464,14.327,14.109,13.857,13.697,13.545,13.211,12.7,12.13,11.94,11.855,11.834,11.788
CHN,14.03,13.38,12.86,12.41,12.29,12.4,12.09,12.1,12.14,11.95,11.9,13.27,14.57,13.03,13.83,11.99,13.57,12.64,10.86,10.41,8.52,7.52
CIV,44.753,44.194,43.53,43.015,42.227,41.602,40.91,40.248,39.676,39.179,38.815,38.435,37.742,37.137,36.6,36.282,35.959,35.863,35.007,34.554,34.197,33.934
CMR,41.018,40.775,40.954,41.191,41.264,41.088,40.956,40.786,40.553,40.33,39.958,39.368,38.76,38.237,37.818,37.807,37.747,37.403,36.716,36.147,35.507,34.938
COD,45.004,44.816,44.697,44.534,44.256,44.196,44.393,44.366,44.43,44.573,44.526,44.701,44.646,44.229,43.992,43.641,43.411,43.251,42.989,42.656,42.311,42.049
COG,37.158,37.615,37.547,37.269,37.403,37.359,37.498,37.664,38.209,38.425,38.858,38.232,37.508,36.498,35.527,34.648,33.706,33.025,32.337,31.676,31.155,30.691
COL,22.114,21.576,21.021,20.444,19.853,19.265,18.688,18.173,17.702,17.275,16.909,16.609,16.344,16.088,15.834,15.585,15.353,15.081,14.841,14.682,14.435,14.204
COM,35.895,35.505,35.017,34.526,34.561,34.515,34.293,34.07,33.938,33.944,33.924,33.841,33.408,32.996,32.594,32.147,31.756,31.33,30.859,30.4,29.896,29.398
CPV,29.024,28.101,27.255,26.413,25.64,25.004,24.394,23.738,23.276,22.772,21.565,21.727,20.233,19.649,19.539,19.181,19.289,19.006,17.821,17.463,17.158,16.951
CRI,19.788,19.104,18.12,17.656,17.228,16.99,16.797,16.823,16.899,16.53,16.04,15.772,15.483,15.093,14.852,14.522,14.145,13.926,13.562,12.847,12.152,11.873
CSS,19.591453507301,19.274176059406,18.9366053479684,18.6671427850416,18.4990949051324,18.2155277168277,18.0209269296277,17.402932977811,17.3182674997588,17.07140253495,16.46002547203,16.3202739473596,16.1365426417225,15.7319579505496,15.4662293601042,15.3682627971755,14.9395878297468,14.4984499113729,14.1715001016997,13.9317557517394,13.6740695848413,13.5505606924573
CUB,12.628,12.171,12.262,11.829,11.031,10.446,9.752,9.921,10.83,11.487,11.417,11.76,11.191,11.122,10.86,10.972,10.351,10.182,10.348,9.752,9.344,8.922
CUW,15.371,15.155,14.988,14.87,14.755,14.673,13.6,13.4,13.8,13.0,13.6,13.1,13.4,12.7,12.6,11.9,11.2,9.7,10.5,10.1,8.7,8.6
CYM,15.4,15.0,13.7,14.3,15.2,15.7,13.4,13.8,14.2,14.6,14.8,14.5,13.6,12.5,12.5,11.0,10.8,9.9,9.9,9.8,12.6,12.4
CYP,12.655,12.182,11.786,11.949,12.111,11.882,12.243,11.821,12.167,12.286,12.045,11.507,11.762,11.088,11.163,11.208,11.419,10.994,10.843,10.794,10.583,10.313
CZE,8.9,8.9,9.1,9.2,9.6,10.0,10.3,11.1,11.5,11.3,11.2,10.4,10.3,10.2,10.4,10.5,10.7,10.8,10.7,10.5,10.3,10.6
DEU,9.3,8.9,8.7,8.6,8.6,8.3,8.2,8.3,8.3,8.1,8.3,8.3,8.4,8.5,8.8,9.0,9.6,9.5,9.5,9.4,9.3,9.6
DJI,33.233,33.123,32.788,32.15,31.142,30.226,29.167,28.331,27.434,26.79,26.118,25.521,25.06,24.66,24.207,23.889,23.516,23.276,22.982,22.748,22.477,22.205
DMA,17.709,18.854,16.867,16.128,15.813,15.615,15.947,15.45,14.902,14.378,14.009,13.679,13.516,13.369,13.092,13.447,13.167,13.13,13.191,13.272,13.301,13.326
DNK,12.6,12.2,11.9,12.0,12.0,11.9,12.0,11.7,11.8,11.4,11.4,10.6,10.4,10.0,10.1,10.2,10.8,10.6,10.6,10.5,10.4,10.8
DOM,24.842,24.317,23.868,23.425,22.972,22.485,21.865,21.705,21.947,22.132,22.038,21.792,21.454,21.166,20.867,20.596,20.258,19.993,19.762,19.291,18.78,18.432
DZA,19.543,19.433,19.421,19.959,20.534,21.166,21.831,22.65,23.413,24.051,24.458,24.815,25.382,25.236,25.404,25.405,25.166,24.755,24.074,23.298,22.431,21.524
EAP,16.3686003979155,15.8514185329068,15.4064569310889,15.0022586460359,14.8500613624468,14.8749878478919,14.6284772951275,14.6462336585651,14.6353403622983,14.4423358289565,14.324199392354,15.23197768032,16.0835734177036,14.943611720282,15.3870024864717,14.0334989928957,14.986578474428,14.2544742420098,12.9758058175838,12.6046571914151,11.2758761795611,10.5435143429303
EAR,27.10469712751,26.8121555771632,26.2885044913073,25.7464949487257,25.2997272831291,24.7990544998507,24.3750947523756,24.1257556632465,23.8283943117551,23.5052217374676,23.1533901762,22.8222864486538,22.5025570321429,22.150477625062,21.5896607824947,21.2258886129424,20.839178885931,20.3601124483412,20.0540114027295,19.5782706295245,19.1791564797065,18.9294543871044
EAS,15.7828755454006,15.2395634998403,14.8002926925782,14.4092576218935,14.2546927014465,14.240578016103,14.0510228077383,14.0980344288458,14.079863967645,13.8851603748826,13.779955137236,14.594962562201,15.3719886555735,14.3002954038028,14.6946325034064,13.4861216656017,14.310070335703,13.6146501465731,12.4414149621882,12.0713942349948,10.8430161376743,10.1747731371613
ECA,13.0330125637171,13.0870305259371,13.167762060071,13.2855251300364,13.6472466552916,13.5932276389384,13.9175813015929,14.5428108179477,15.1230491650374,15.2750224355228,15.262284149266,15.2771218091419,15.6529820478532,15.7364593053371,15.9143075720727,15.8827462127003,15.5316566613215,14.6150538839409,14.2432760286784,13.7645106285176,13.4858670434282,13.3969282651738
ECS,11.6706800179122,11.5527551945209,11.5436597489849,11.6252908812368,11.8418805424961,11.8042434982199,12.0170500397887,12.324656111158,12.7150551338356,12.6858054479619,12.6893918080396,12.5485481940385,12.6584744716021,12.5088136678601,12.637779787787,12.5674653106095,12.4628251569261,11.9774686097608,11.694793908986,11.3696687365639,11.097470113605,11.0716970253387
ECU,25.402,24.912,24.46,24.019,23.597,23.2,22.898,22.637,22.379,22.142,21.892,21.702,21.004,20.1,19.339,18.74,18.224,17.996,17.658,17.338,17.037,16.817
EGY,26.986,26.833,26.477,26.336,25.97,25.977,25.882,26.16,26.146,26.291,27.16,27.379,27.978,28.455,28.416,28.078,25.913,25.231,24.562,23.568,23.051,22.558
EMU,10.6265800391574,10.3924157950642,10.3328870289634,10.3446769497912,10.4203760419888,10.3033472064252,10.3817063888214,10.3837814910356,10.5560144591288,10.3451400769199,10.3597118368002,10.1641707732079,10.0017788140146,9.73577941366332,9.79327342446709,9.66466636925193,9.71016197691279,9.48158093971488,9.28544395548465,9.11170816929147,8.89102909128845,8.9929039652524
ERI,37.617,36.827,37.239,36.8,37.272,36.677,36.24,35.301,34.667,34.402,33.692,33.114,32.424,31.719,31.214,30.417,29.91,29.421,29.105,28.941,28.706,28.624
ESP,9.8,9.9,10.1,10.4,10.6,10.6,10.8,10.9,11.3,10.6,10.4,10.1,9.7,9.1,9.2,9.0,8.8,8.4,7.9,7.6,7.2,7.1
EST,9.4,9.1,9.4,9.5,10.3,10.6,11.0,11.8,12.0,11.8,11.9,11.1,10.6,10.3,10.3,10.6,10.7,10.5,10.9,10.6,9.9,10.0
ETH,44.501,44.029,43.39,42.306,41.657,40.997,40.232,39.51,38.46,37.293,36.528,35.846,34.845,33.938,33.554,33.428,33.315,33.059,32.996,33.123,32.78,32.383
EUU,10.4605078084696,10.2185386352134,10.1410296264982,10.1572514810961,10.2622094438882,10.2300935704597,10.3441030909201,10.3925345006215,10.6391535535775,10.4795436981631,10.4479933565734,10.146493587102,10.032726703204,9.7482316243389,9.85840262127638,9.74247631002155,9.84128973258977,9.71766796465029,9.52614483774872,9.32860217410087,9.10399530260197,9.10922842812667
FCS,37.3557424602964,37.2786062671222,37.2107092696238,37.0312501912809,36.8551520505236,36.6706900453753,36.5873379341445,36.4798928743594,36.3547168350638,36.178118806129,35.9854182301146,35.7831377865236,35.4237310989789,34.9778593005858,34.5710090526918,34.2006914404317,33.8412655111018,33.4531540323696,33.1330275698514,32.8857321506497,32.6038400091108,32.3264298257475
FIN,11.0,10.8,10.7,10.9,11.0,11.0,11.2,11.1,11.2,11.3,11.4,11.1,11.0,10.7,10.5,10.1,9.6,9.1,8.6,8.3,8.4,9.0
FJI,24.34,24.289,24.267,24.242,24.067,23.796,24.051,23.859,23.614,23.172,22.664,22.126,21.925,21.835,21.683,21.45,21.05,20.55,20.187,19.962,19.628,19.345
FRA,13.3,13.1,12.9,12.8,12.8,12.8,13.1,12.8,12.9,12.8,12.9,12.7,12.6,12.4,12.4,12.0,11.8,11.5,11.3,11.2,10.9,10.9
FRO,15.1,13.6,15.0,14.7,14.8,14.7,13.7,14.0,13.8,12.6,13.2,12.0,12.9,13.0,13.2,12.4,13.6,13.1,13.4,13.2,12.9,12.8
FSM,31.423,30.357,29.213,28.327,27.647,26.962,26.139,25.431,24.819,24.284,23.696,23.405,22.975,22.652,22.266,21.855,21.714,21.451,21.2,21.059,20.837,20.777
GAB,33.471,33.279,33.101,32.884,32.771,32.722,32.68,32.685,32.675,32.96,33.177,33.223,32.718,32.182,31.622,31.036,30.362,29.713,29.004,28.354,27.695,27.142
GBR,11.5,11.3,11.3,11.7,11.9,12.0,12.3,12.6,12.9,12.7,12.9,12.8,12.8,12.1,12.0,11.9,11.8,11.4,11.0,10.7,10.1,10.1
GEO,11.979,11.77,11.798,11.811,12.221,12.483,12.648,13.122,13.9,14.789,15.109,14.937,14.842,15.102,15.442,15.79,15.471,14.856,14.395,13.451,12.966,13.412
GHA,35.865,35.635,35.344,34.939,34.535,34.885,34.124,33.561,33.206,32.982,33.004,32.957,32.885,32.535,31.834,31.713,30.527,28.978,29.025,28.572,28.038,27.548
GIB,13.015,12.128,11.188,11.117,11.193,11.266,11.328,11.441,11.572,11.757,11.959,12.096,12.14,11.731,12.706,13.604,11.916,11.482,11.242,11.015,10.844,10.714
GIN,41.642,41.003,40.547,40.125,39.933,39.921,39.815,39.801,39.761,39.729,39.369,38.902,38.44,38.134,37.891,37.891,37.396,36.625,35.931,35.436,34.944,34.425
GMB,43.146,42.921,42.519,42.253,42.201,42.138,42.366,42.086,41.757,41.469,41.084,40.69,40.136,39.398,38.486,37.576,36.59,35.743,34.924,34.281,33.719,33.257
GNB,42.493,42.132,42.257,42.048,41.655,41.358,41.032,40.911,40.003,39.1,38.427,38.303,37.945,37.46,36.472,35.519,34.502,33.285,32.657,32.093,31.605,31.087
GNQ,41.319,40.704,40.285,40.047,39.967,39.948,39.873,39.767,39.528,39.163,38.674,38.06,37.458,36.803,36.047,35.229,34.392,33.507,32.667,31.874,31.174,30.498
GRC,9.6,9.4,9.5,9.6,9.6,9.8,10.2,10.1,10.7,10.6,10.3,9.6,9.1,8.6,8.5,8.5,8.6,8.2,8.1,7.8,7.9,8.0
GRD,18.184,17.619,17.385,17.214,17.24,17.349,17.492,17.642,17.776,17.877,17.927,17.918,17.897,17.836,17.743,17.605,17.419,17.191,16.92,16.617,16.288,15.961
GRL,15.6,16.7,16.9,15.5,15.7,15.6,14.8,15.1,14.8,15.9,15.3,14.4,13.9,14.5,14.3,15.2,14.8,15.2,14.6,15.1,14.8,13.4
GTM,34.505,34.143,33.227,32.249,31.397,30.438,29.658,29.195,28.43,27.934,27.525,27.198,26.91,26.336,26.077,25.834,25.541,24.791,23.929,22.858,21.816,21.12
GUM,23.89,23.146,20.85,21.092,21.751,20.404,21.47,21.927,21.682,21.335,21.169,20.088,21.422,19.469,19.615,19.15,19.123,17.997,17.02,16.624,16.363,16.376
GUY,25.772,25.149,24.516,23.9,23.426,22.994,22.608,22.295,22.031,21.832,21.705,21.621,21.544,21.502,21.423,21.31,21.139,20.958,20.77,20.828,20.473,20.298
HIC,12.358315772376,11.9955737743479,11.8240706639425,11.7921444922068,11.7530783674898,11.6572734062694,11.8620114588741,11.9749770925036,12.0002630023779,11.7515415735078,11.6177082363581,11.4206033079028,11.3713411453322,11.0473169894484,11.0846861736008,10.9745617673594,10.8603210179733,10.5764045992229,10.3479628487002,10.105089832919,9.75737994732255,9.73821688620855
HKG,8.1,7.2,7.1,6.9,7.2,8.4,9.6,10.2,11.3,11.8,12.6,13.5,12.8,8.0,8.6,8.2,8.3,7.6,7.2,7.0,5.8,5.0
HND,33.841,32.986,32.052,31.101,30.188,29.314,28.479,27.64,26.871,26.112,25.392,24.717,24.111,23.569,23.123,22.751,22.44,22.16,21.895,21.628,21.353,21.071
HPC,43.0090825852797,42.6864612048348,42.3391103927078,41.9701538957869,41.6375501629434,41.3655773244492,41.0876943932713,40.709566614517,40.2499388184035,39.8944662295191,39.5325697099035,39.0684647017348,38.5422573427357,38.0706156998401,37.6422285500353,37.3067163498692,36.8950021617447,36.4953284963919,36.1524511019874,35.8352573797364,35.435558780307,35.0587121764505
HRV,9.8,9.2,9.0,8.9,9.1,9.563,9.33,9.4,9.9,10.1,9.8,9.6,9.8,9.4,9.3,8.9,9.0,8.9,9.0,8.9,8.9,9.4
HTI,31.836,30.994,30.333,29.901,29.466,29.018,28.613,28.175,27.831,27.615,27.527,27.203,26.595,26.09,25.771,25.51,25.254,24.98,24.579,24.304,23.936,23.498
HUN,9.6,9.5,9.5,9.3,9.4,9.7,9.9,9.7,9.9,9.6,9.0,8.8,9.1,9.0,9.5,9.4,9.7,9.7,9.6,9.5,9.6,9.7
IBD,19.8642701108106,19.5188770358687,19.0946032383385,18.7148472328163,18.5035610487037,18.3072461145268,18.0162862752775,17.9248360623736,17.860649117913,17.6868791591055,17.5219732904648,17.8005238971819,18.0655487011146,17.4038557322327,17.3455354124331,16.6034806010013,16.7940570669041,16.1871221090714,15.4329868166805,14.9262570933306,14.0967713808938,13.6463765745549
IBT,23.7500219336785,23.4613243616747,23.1103403179576,22.7645753251131,22.5607718016639,22.3624425262495,22.1113241297669,22.0406288500878,21.9599837444232,21.7894536785691,21.6184936952207,21.7714041527211,21.9053611574045,21.3486640769014,21.2303419101207,20.6086927950446,20.6956465370318,20.1805301014671,19.5936508240226,19.199700987722,18.5560203723792,18.2025946774014
IDA,37.6396503247545,37.3737241575433,37.0918172318515,36.6771240661428,36.3207709122989,35.9402599486798,35.6411186195592,35.4556801624284,35.1484873392798,34.8178945413122,34.4503149820474,34.0451315353148,33.6342487006845,33.2713882065418,32.8505343196028,32.4600816402113,32.1057420570781,31.7140331008053,31.4490968364328,31.2023233350293,30.8879163171819,30.5935231910908
IDB,37.8679607731776,37.671514125017,37.4996662574221,37.0402436265251,36.7381862943051,36.3853795369801,36.1459367674847,36.2708896733725,36.2034135728576,35.9726682377381,35.638363946153,35.2629842873059,34.8256517236519,34.4021318537048,33.8594599082363,33.3144454497003,32.9159729295426,32.5011629886701,32.1811075657994,31.8704924083807,31.5496061648522,31.2585123544965
IDN,21.86,21.548,21.174,20.874,20.701,20.735,20.784,20.954,20.702,20.383,20.158,20.345,20.093,19.417,18.954,18.448,18.017,17.519,17.179,16.91,16.649,16.425
IDX,37.5256197685537,37.224408149948,36.8873237733846,36.4953143934679,36.1117864534029,35.7174456901805,35.3885254615654,35.047627506033,34.6196503593124,34.2378094958096,33.8520691580177,33.4309951203206,33.0336129585951,32.7016254939461,32.3426349543436,32.030884870574,31.7001457988585,31.3213446500835,31.0849386995388,30.8708958182426,30.5605311458064,30.2651634426182
IMN,11.33,11.755,12.071,11.344,11.148,11.541,11.655,11.801,12.449,13.068,12.826,11.452,10.908,10.603,9.831,9.586,9.359,9.25,8.94,8.888,8.605,8.529
IND,27.001,26.728,26.082,25.375,24.728,23.94,23.22,22.713,22.276,21.934,21.438,20.945,20.421,19.935,19.049,18.765,18.514,17.911,17.651,17.049,16.572,16.419
INX,0.0,0.0,0.0,0.0,0.0,0.0,0.0,0.0,0.0,0.0,0.0,0.0,0.0,0.0,0.0,0.0,0.0,0.0,0.0,0.0,0.0,0.0
IRL,14.4,15.0,15.4,15.4,15.2,14.8,15.3,16.2,16.7,16.7,16.5,16.2,15.6,14.9,14.4,13.9,13.4,12.9,12.5,12.0,11.2,11.6
IRN,16.39,16.276,16.069,15.958,16.068,16.199,16.489,16.897,17.264,17.548,17.755,18.164,18.926,19.445,19.824,19.428,19.017,18.608,17.231,15.118,14.231,13.699
IRQ,36.25,35.618,34.96,34.574,34.581,34.006,33.806,33.565,33.477,33.711,34.291,35.09,34.603,33.826,33.083,31.593,30.17,28.923,28.429,28.078,27.732,27.367
ISL,15.3,14.4,14.1,14.3,14.5,14.4,14.5,14.6,15.2,15.8,15.4,14.1,14.1,13.4,13.4,12.5,12.0,11.9,12.0,12.3,12.3,13.1
ISR,21.7,21.2,21.2,21.7,21.3,20.8,21.0,21.1,21.5,21.5,21.8,21.4,21.6,21.3,21.5,21.3,21.2,21.1,20.8,20.1,19.2,19.7
ITA,9.5,9.4,9.4,9.5,9.8,9.6,9.6,9.7,9.8,9.6,9.5,9.2,9.0,8.5,8.3,8.0,7.8,7.6,7.3,7.0,6.8,6.8
JAM,19.12,18.808,18.609,18.519,18.534,18.016,18.075,16.673,16.548,16.354,15.329,15.264,15.037,14.54,13.96,14.123,13.47,12.748,12.22,11.994,11.813,11.712
JOR,29.659,29.153,29.024,29.068,28.785,28.605,28.729,29.085,29.399,29.044,28.605,27.84,27.018,26.207,25.398,24.441,23.708,23.377,22.999,22.6,22.265,21.95
JPN,9.5,9.3,9.2,8.9,8.8,8.4,8.7,8.6,8.7,8.5,8.5,8.3,8.2,8.2,8.0,8.0,7.8,7.6,7.4,7.0,6.8,6.6
KAZ,14.92,14.91,15.29,16.63,18.19,18.42,19.71,20.79,22.75,22.14,22.53,22.51,22.7,22.73,23.1,22.71,22.52,21.64,21.77,21.73,22.76,23.5
KEN,39.934,39.983,39.594,39.045,38.732,38.502,38.29,38.098,37.546,36.563,35.422,34.24,33.174,32.127,31.298,30.957,30.401,29.755,29.18,28.46,27.998,27.685
KGZ,19.8,19.8,20.2,20.9,21.5,21.3,23.1,23.4,23.9,25.2,26.8,27.1,27.6,27.2,27.7,27.4,26.0,24.8,27.1,26.9,24.0,22.4
KHM,27.562,26.924,26.434,25.876,25.492,25.191,24.886,24.894,24.46,24.084,23.669,23.369,23.294,23.035,22.775,22.343,21.864,21.348,20.805,20.28,19.849,19.334
KIR,30.702,29.87,29.025,28.272,28.583,28.821,29.26,29.88,30.398,30.578,30.783,30.995,30.544,30.075,29.547,29.188,28.86,28.616,28.46,28.064,27.645,27.207
KNA,18.436,17.386,16.953,16.732,16.467,16.253,16.046,15.804,15.485,15.172,14.789,14.53,14.268,13.975,13.8,13.583,13.456,13.211,12.942,12.693,12.418,12.125
KOR,13.5,11.7,10.3,10.2,9.8,9.0,9.2,10.1,9.4,9.0,9.4,9.4,9.6,8.6,8.6,8.6,7.9,7.0,6.4,5.9,5.3,5.1
KWT,21.617,21.649,21.712,21.943,22.109,22.085,22.056,21.929,21.7,21.494,21.203,20.949,20.036,19.119,18.234,16.892,14.8,14.386,13.443,12.437,11.797,10.41
LAC,22.4114114956471,21.8692001546945,21.3131973876454,20.7517256453403,20.4132690441859,20.0612484592791,19.6417912226359,19.2529390102211,18.9164954772612,18.690249715661,18.4461832872371,18.2435575025645,17.9115973472095,17.621500745824,17.3946386454077,17.1199360413914,16.6032943705333,16.3917758232853,16.1035469055718,15.6234338241983,15.2223664662953,14.8870478556855
LAO,32.991,31.902,30.872,30.24,29.873,29.254,29.141,28.848,28.313,27.768,27.042,26.467,25.811,25.245,24.698,24.445,24.131,23.715,23.238,22.786,22.449,21.973
LBN,20.499,20.161,19.712,19.169,18.571,18.034,17.694,17.34,17.143,17.205,17.565,17.866,17.899,17.872,17.89,17.764,17.395,16.904,16.311,15.822,15.332,14.948
LBR,43.606,43.041,42.318,41.746,41.457,41.482,41.332,40.863,39.876,38.94,38.074,37.395,37.307,36.138,35.075,34.215,33.713,33.151,32.706,32.181,31.708,31.287
LBY,21.195,22.611,22.811,23.052,23.338,23.648,23.771,23.623,23.391,23.126,23.562,23.885,21.953,21.886,21.908,21.214,20.576,19.898,19.282,18.732,18.302,17.828
LCA,18.514,17.369,16.352,15.488,14.752,14.185,13.758,13.426,13.128,12.864,12.618,12.55,12.496,12.444,12.393,12.321,12.229,12.114,11.986,11.834,11.667,11.49
LCN,22.1789174780537,21.6551279235871,21.1241821166514,20.5796305973593,20.2501530328996,19.9146771601213,19.5160621366282,19.1526425527214,18.8397126159479,18.6184264558726,18.3752266562869,18.1695862875137,17.8453631089553,17.5585588471511,17.3313153883529,17.053799632147,16.5492590578542,16.3069093485757,15.9956875792626,15.5037528013292,15.1003392874645,14.7786654714622
LDC,38.7400216757691,38.4072002051629,38.0626676794036,37.6579121179744,37.2615740825939,36.8273492507244,36.4823115973179,36.1234289490732,35.6601879177824,35.2780461149784,34.8672205573454,34.4304052931122,34.0177546128458,33.6900825615389,33.3702240399103,33.0651608884132,32.7703042575422,32.411351367427,32.1573365321412,31.9322631882504,31.6191323395612,31.3153408104402
LIC,42.4848267889981,42.1790621655326,41.8118176899153,41.3901707021949,41.0277061129213,40.6813918401764,40.4142059695977,40.1037961447653,39.6892743848115,39.302983140546,38.8816126903335,38.4361292815904,37.9688547889043,37.4712589214834,37.0075728062231,36.6154813623073,36.2218843730769,35.863826528486,35.5594183033224,35.3210472939209,34.9997258554533,34.6763679392148
LIE,12.9,12.1,11.7,10.2,10.8,11.0,10.3,10.0,9.9,11.4,9.1,10.9,9.7,9.2,10.0,8.7,10.0,8.9,9.9,9.2,9.1,9.6
LKA,18.189,18.806,18.914,18.885,18.771,18.821,19.203,18.979,18.468,17.907,17.553,17.512,17.318,17.005,16.396,15.886,15.496,15.17,14.805,14.534,14.235,14.019
LMC,28.5053336901618,28.2979464516378,27.9079407467052,27.4346161508691,27.0158897818237,26.5072706197351,26.0886979612831,25.856323420916,25.6133457986349,25.3803601455725,25.052983891834,24.7061255580419,24.4105978840044,24.1211806573357,23.5733350262437,23.2651078653968,22.9133073705676,22.4332828871038,22.139134491144,21.6592932158649,21.2701333390283,21.0482742092885
LMY,23.9143420197809,23.622002998287,23.2649043137609,22.9109928610189,22.6997156225059,22.4916476380258,22.2318807121004,22.1558695122872,22.0668687142102,21.8941527949536,21.7189376352574,21.8830201817841,22.0188922434956,21.4612816149138,21.3398082196102,20.7131244732371,20.7987317691046,20.2752573240295,19.6866649585954,19.2940827596816,18.6464047537755,18.2938184585408
LSO,28.987,29.185,29.501,29.611,28.986,28.778,29.075,29.699,29.42,28.916,28.477,29.093,29.054,29.19,28.663,28.305,28.157,27.723,27.262,26.839,26.378,26.107
LTE,14.7223660464351,14.2315939348001,13.8547176058029,13.5175300977096,13.4320662581436,13.4296637846277,13.1846594873624,13.2223453844642,13.2915459380053,13.1595566746092,13.100289676966,13.9179258850529,14.7199833403948,13.7144731703684,14.1963007487504,13.0157978089993,13.8254115695262,13.1146981877815,11.9309989703742,11.5026595397262,10.2228236940094,9.52163512315908
LTU,9.8,9.0,8.6,8.8,8.8,8.9,9.1,9.3,9.9,10.2,9.9,10.0,10.2,10.1,10.4,10.8,10.7,10.1,10.0,9.8,9.0,8.3
LUX,13.1,12.4,12.0,11.7,11.9,11.5,11.7,11.4,11.5,11.3,11.6,10.9,11.3,11.3,10.9,10.7,10.4,10.4,10.3,10.0,10.2,10.5
LVA,8.6,8.4,8.7,9.2,9.1,9.8,10.3,10.9,11.2,10.3,9.4,9.1,9.8,10.2,10.9,11.1,11.2,10.7,10.0,9.8,9.2,9.2
MAC,8.364,7.575,7.119,6.96,6.957,7.223,7.581,8.027,8.383,8.876,9.561,10.475,11.319,11.553,11.883,11.634,11.423,10.877,10.621,10.295,10.128,10.114
MAF,24.587,23.932,23.284,22.709,22.094,21.476,20.9,20.308,19.77,19.146,18.63,18.562,20.904,19.986,19.087,18.462,17.927,17.423,17.022,16.483,15.768,15.053
MAR,22.74,22.249,21.984,21.749,21.542,21.398,21.347,21.271,21.23,21.411,21.402,21.507,21.304,21.141,20.617,20.307,19.483,19.298,18.813,18.337,17.889,17.545
MCO,0.0,0.0,0.0,0.0,25.0,0.0,0.0,0.0,0.0,0.0,0.0,0.0,0.0,0.0,0.0,8.1,7.8,0.0,5.9,0.0,0.0,0.0
MDA,11.654,11.508,11.422,11.903,12.558,12.607,12.838,13.207,13.778,14.342,14.265,13.864,13.746,13.59,14.802,14.899,14.761,13.805,13.443,12.894,12.481,12.432
MDG,40.417,39.813,39.09,38.666,38.275,38.015,37.757,37.44,37.05,36.743,36.041,35.063,34.271,33.699,33.079,32.765,32.759,32.477,32.088,31.701,31.343,30.949
MDV,20.539,19.464,18.952,18.791,18.861,18.989,19.584,20.554,21.371,21.644,21.165,20.527,19.865,18.895,18.044,17.465,16.794,16.126,15.531,15.001,14.576,14.088
MEA,24.8313989031554,24.5801341117765,24.2943324942855,24.1924522586126,24.0704463173118,24.0077959384998,24.048330356362,24.2083277219091,24.261039903509,24.2968453349046,24.534705684716,24.6823744817595,24.8259977970871,24.7855217322302,24.5380661979449,24.0158003521687,23.0455583784722,22.5554946085024,21.8879147427883,21.058566234051,20.5996882131054,20.1420550524027
MEX,24.158,23.717,23.256,22.802,22.351,21.9,21.459,21.082,20.749,20.442,20.152,19.917,19.635,19.326,18.711,17.968,17.42,16.947,16.465,15.71,15.565,14.857
MHL,34.976,34.796,34.563,34.463,34.375,34.197,33.883,33.323,32.48,31.481,30.129,28.631,27.379,26.187,25.006,23.947,23.016,22.268,21.514,20.744,20.006,19.28
MIC,22.3815048681012,22.0705081194722,21.6885272271073,21.3127702199656,21.0890788265348,20.8669178011842,20.5785266743202,20.4944293351527,20.4078583890571,20.227683774185,20.0487625139821,20.2460427980313,20.417950730036,19.8335033401132,19.7268232653907,19.0540373728925,19.1655729912005,18.598614503301,17.9510811096811,17.5100826059655,16.792374938218,16.4018065432778
MKD,14.5,13.3,13.7,13.3,11.5,11.0,11.1,11.1,11.2,11.5,11.8,11.1,11.4,11.2,11.4,11.1,11.0987266524808,10.5,10.3,9.6,9.2,10.2
MLI,47.112,47.331,47.491,47.61,47.895,47.996,47.614,47.281,46.983,46.813,46.588,46.234,45.918,45.271,44.794,44.342,43.818,43.378,42.901,42.376,41.995,41.643
MLT,11.3,10.1,9.9,10.2,9.7,9.6,9.3,9.3,9.8,9.8,9.4,10.0,9.8,9.5,9.6,9.7,9.8,9.2,9.2,8.6,8.6,8.5
MMR,22.942,22.978,23.012,22.421,21.784,21.25,20.837,20.592,20.151,19.813,19.409,19.104,18.762,18.573,18.404,18.402,18.33,18.129,17.869,17.663,17.363,17.103
MNA,24.8446382528286,24.6462331316732,24.4067079487404,24.370956827864,24.3323659423804,24.3613447372782,24.4454856367446,24.6673969324778,24.8078287815487,24.9255282762856,25.2456478197074,25.4667680412916,25.6924517247097,25.7252016523482,25.5119027630911,24.9981144760581,23.9656571675828,23.4268710841083,22.7031822219098,21.7979635115413,21.2843689120717,20.828985456128
MNE,15.2,14.6,13.9,13.6,12.8,12.0,12.3,12.7,13.4,14.0,12.0,11.6,12.0,12.0,12.1,11.9,12.2,11.9,11.7,11.6,11.4,11.4
MNG,20.419,19.935,19.378,18.675,18.477,18.673,19.841,21.352,22.753,23.613,23.349,24.13,25.297,26.333,26.677,26.352,25.365,24.222,23.836,23.292,22.405,21.413
MNP,0.0,0.0,0.0,0.0,0.0,0.0,0.0,0.0,0.0,0.0,0.0,0.0,0.0,0.0,20.5,0.0,0.0,0.0,0.0,13.2,0.0,0.0
MOZ,43.734,43.395,43.037,42.899,42.315,41.867,41.422,41.105,41.61,41.921,42.013,41.605,41.079,40.548,39.254,38.797,38.437,38.127,37.753,37.345,36.974,36.598
MRT,37.792,37.502,36.996,36.715,36.776,36.923,37.1,37.064,37.247,36.947,36.772,36.712,36.398,35.834,35.527,35.18,34.832,34.425,34.183,33.723,33.427,33.194
MUS,17.0,16.5,16.6,15.9,15.7,15.3,14.3,13.7,13.2,12.3,12.0,11.7,11.5,10.9,10.6,10.1,10.4,10.7,10.2,10.2,10.6,10.3
MWI,45.366,45.192,45.084,45.066,44.961,44.893,44.373,43.609,42.685,41.811,40.825,39.89,38.794,37.85,36.791,35.767,34.824,34.343,33.925,33.598,33.233,32.859
MYS,23.047,21.523,20.091,19.339,18.4,17.722,17.308,17.077,17.36,17.348,17.002,17.261,17.209,17.225,17.313,17.101,16.685,16.355,15.978,15.58,15.417,15.24
NAC,14.0369791309369,13.7759430004701,13.6558181127274,13.7556686542851,13.6654988402701,13.6752465982516,13.9749367320621,14.0045784857207,13.7534245550685,13.2923836652029,12.8215654290393,12.5308827241507,12.4402861219221,12.2498099484675,12.3391915166642,12.2292021450936,12.0386553539516,11.6479625402105,11.4466659763664,11.245335740484,10.7555944758012,10.8549166803611
NAM,31.405,30.387,29.68,29.18,29.012,29.009,29.005,29.292,29.73,30.114,30.423,30.776,31.054,30.879,30.716,30.394,30.051,29.503,29.008,28.433,27.876,27.439
NCL,21.4,19.9,18.9,18.2,17.4,17.4,17.9,17.1,16.5,16.7,16.7,16.2,16.9,16.6,16.3,15.6,15.8,15.0,15.0,15.2,14.6,14.3
NER,52.659,52.219,51.841,51.456,51.058,50.63,50.096,49.694,49.297,48.882,48.51,47.99,47.398,47.123,46.752,46.558,46.52,46.351,46.127,45.859,45.588,45.293
NGA,43.5,43.563,43.563,43.408,43.151,43.075,42.884,42.721,42.681,42.419,42.094,41.798,41.241,40.603,40.069,39.51,39.128,38.689,38.248,37.849,37.467,37.117
NIC,27.61,27.002,26.473,26.005,25.576,25.204,24.945,24.716,24.502,24.307,24.105,23.881,23.647,23.385,23.103,22.797,22.459,22.09,21.704,21.305,20.903,20.507
NLD,13.0,12.6,12.5,12.3,11.9,11.5,11.3,11.1,11.2,11.2,11.1,10.8,10.5,10.2,10.4,10.1,10.1,9.9,9.8,9.8,9.7,10.2
NOR,13.2,12.6,12.2,12.4,12.4,12.3,12.6,12.4,12.7,12.8,12.6,12.2,12.0,11.6,11.5,11.3,11.3,10.7,10.4,10.2,9.8,10.4
NPL,30.614,29.522,28.487,27.879,27.071,26.033,24.982,24.194,23.552,23.0,22.589,22.372,22.335,22.247,22.22,22.05,21.764,21.376,21.026,20.868,20.64,20.402
NRU,28.792,28.694,28.404,28.258,28.414,28.894,29.664,30.861,32.061,33.401,34.435,34.913,34.497,33.513,32.608,31.856,31.159,30.375,29.686,29.124,28.364,27.56
NZL,14.66,14.36,13.67,13.94,14.2,13.96,14.14,15.15,15.1,14.53,14.68,14.0,13.87,13.2,12.67,13.23,12.6,12.38,11.84,11.96,11.32,11.48
OED,13.7849569143771,13.4946757415453,13.232626923038,13.1529335740319,13.0839523315575,12.9573485950542,13.0884828885169,13.1218394672676,13.0848149720397,12.811635630521,12.6670178966362,12.4468333620812,12.3579427106758,12.1171520912167,12.1044753259092,11.9569152688552,11.8175819809695,11.5130657691021,11.2298303578365,10.9092778459771,10.5635263219806,10.5114613020291
OMN,24.787,24.033,23.29,22.726,22.221,21.383,20.712,20.539,21.135,22.278,23.421,22.627,21.943,21.561,21.342,21.316,20.803,20.282,19.816,19.298,18.791,18.419
OSS,28.0102109103409,27.692842267935,27.5052389573361,27.3033141555342,27.122690233599,26.9242804061887,26.6842331620715,26.4606626160443,26.1736226325332,25.8471863697356,25.5473632102379,25.4551127075118,25.2363206282778,24.8905319564129,24.4589863163785,23.9654662007164,23.5312756214394,23.0357044491761,22.6336247909198,22.259420212328,21.9460459721648,21.5970478455652
PAK,35.761,35.342,34.868,34.132,33.513,32.867,32.402,32.589,32.361,32.193,32.109,31.872,31.601,31.181,30.462,29.699,29.306,28.963,28.594,28.276,27.967,27.519
PAN,23.538,23.259,22.951,22.688,22.69,22.333,21.968,21.792,21.659,21.399,21.165,21.213,21.129,20.759,20.461,20.111,19.701,19.317,18.814,18.228,17.919,17.692
PER,23.719,22.908,22.481,22.209,22.278,22.334,22.274,22.026,21.655,21.417,21.066,20.75,20.225,19.71,19.248,18.808,18.5,18.269,18.092,18.042,17.833,17.622
PHL,28.769,28.84,28.398,27.986,27.466,27.019,26.924,26.607,26.357,26.148,25.511,24.416,24.457,24.286,23.827,23.252,22.836,22.664,22.445,22.254,22.039,21.813
PLW,14.5,15.3,13.0,15.4,12.6,14.0,12.0,13.8,14.5,13.3,11.9,11.8,15.3,13.0,13.7,13.7,12.0,12.4,14.0,11.2,12.1,13.4
PNG,34.152,33.91,33.673,33.386,32.9,32.507,32.066,31.606,31.235,30.771,30.445,30.028,29.555,29.122,28.687,28.178,27.703,27.216,26.834,26.37,25.996,25.514
POL,9.9,9.6,9.3,9.2,9.3,9.5,9.8,10.2,10.9,10.9,10.9,10.2,10.1,9.7,9.9,9.7,10.1,10.6,10.2,9.9,9.4,8.8
PRE,43.6246392323206,43.4239993916759,43.1760371543524,42.9151143254825,42.6450275691476,42.4175353944217,42.2284038868772,41.9742406221997,41.6925370768195,41.4404995275454,41.1112892269323,40.7076995075433,40.1801396921086,39.6546771065691,39.1454946470069,38.6340991381319,38.1354081177103,37.6570383042119,37.1904690908155,36.7646616193967,36.3611347115015,35.9923407811801
PRI,15.59,14.59,13.7,13.1,13.16,12.96,12.41,11.86,11.79,11.72,11.3,11.1,10.6,10.1,9.7,9.0,8.3,7.3,6.7,6.4,6.0,5.9
PRK,17.44,16.964,16.067,15.283,15.051,14.534,14.207,13.971,13.983,13.723,12.706,12.728,12.957,13.192,13.45,13.536,13.525,13.514,13.488,13.487,13.333,13.24
PRT,11.7,10.9,11.0,10.8,10.4,10.4,10.0,9.7,9.9,9.4,9.6,9.2,8.5,7.9,7.9,8.3,8.4,8.4,8.5,8.4,8.2,7.7
PRY,27.171,26.342,25.591,24.932,24.443,24.047,23.742,23.45,23.191,22.921,22.606,22.324,22.069,22.249,22.402,22.428,22.263,21.962,21.664,21.281,20.946,20.627
PSE,40.9,40.2,39.6,38.8,38.1,37.3,36.7,35.855,33.45,33.406,33.727,33.382,32.894,32.521,32.477,32.726,31.921,30.973,30.126,29.466,28.8,28.236
PSS,29.1667706049894,28.9540125496986,28.7008425662875,28.559911509578,28.3522963301555,28.1445950468566,28.2184784714077,28.1277466589221,28.0671349585566,27.9169817845844,27.7682167896859,27.597855374763,27.5021649249615,27.3612118883479,27.1892616766751,26.8530302386336,26.4545907591055,26.0072802046321,25.6544994621998,25.3521020886647,25.0070520247045,24.7051193417963
PST,11.6098566530944,11.2972061018455,11.1840949456864,11.2155414105668,11.2181448658343,11.1296872971236,11.3718782207942,11.495107696972,11.5348083704809,11.2840314233731,11.1526526374772,10.9657377302151,10.9155226373468,10.6233590242732,10.6419603592292,10.5516248312479,10.4283660013647,10.0745832449513,9.83657590726031,9.57940224037703,9.22746205073167,9.25993849951156
PYF,20.628,20.041,19.322,18.09,17.574,17.492,17.738,17.077,17.606,17.237,17.38,16.605,16.231,15.576,15.58,15.037,14.508,14.015,13.777,13.088,12.924,12.759
QAT,19.18,19.207,18.557,17.828,16.861,16.005,14.396,12.751,11.503,10.63,10.803,11.366,11.235,11.237,10.845,10.328,10.087,10.228,10.598,10.743,10.895,9.816
ROU,10.4,10.0,9.7,9.8,10.1,10.4,10.4,10.3,10.8,10.9,10.5,9.7,10.0,9.4,10.0,10.2,10.4,10.8,10.8,10.3,10.3,9.3
RUS,8.7,9.0,9.7,10.2,10.4,10.2,10.3,11.3,12.0,12.3,12.5,12.6,13.3,13.2,13.3,13.3,12.9,11.5,10.9,10.1,9.8,9.6
RWA,40.923,40.765,40.388,40.146,39.889,39.462,38.825,38.005,36.979,35.936,34.836,33.658,32.818,32.407,32.085,31.833,31.659,31.399,31.158,30.776,30.309,29.976
SAS,28.4000394157068,28.0930675464758,27.4992458505484,26.8250495955445,26.1843495486726,25.3996648293326,24.7209959137882,24.2792709972452,23.8033281779627,23.4438801857246,22.9772672466499,22.5074113517966,22.0577506657294,21.6234411944002,20.8382477682124,20.4955245460969,20.2269618221578,19.6780249398774,19.4303745613095,18.9326809742979,18.5162469099945,18.3365608834268
SAU,27.656,26.852,25.896,24.794,23.8,23.058,23.114,23.242,22.749,22.307,21.894,21.634,21.245,20.754,20.161,19.524,18.972,18.903,18.703,18.451,18.238,17.473
SDN,38.097,37.9,37.42,36.928,36.338,35.929,36.495,37.121,37.497,37.557,37.497,36.91,36.316,36.327,36.349,36.413,36.038,35.669,35.236,34.823,34.226,33.596
SEN,39.169,38.895,38.671,38.611,38.354,38.418,38.657,38.164,37.886,38.1,37.74,37.502,37.207,36.817,36.322,35.357,34.673,34.224,33.955,33.47,33.034,32.573
SGP,13.7,11.8,11.4,10.5,10.3,10.2,10.3,10.3,10.2,9.9,9.3,9.5,10.1,9.3,9.8,9.7,9.4,8.9,8.8,8.8,8.5,8.6
SLB,35.271,34.989,34.661,34.397,34.117,33.884,34.007,33.828,33.663,33.562,33.641,33.633,33.619,33.585,33.477,32.928,32.379,31.743,31.219,30.762,30.223,29.785
SLE,44.991,44.706,44.345,43.486,42.271,41.71,41.429,40.796,40.324,39.658,38.887,38.282,37.569,36.473,35.533,34.558,34.011,33.568,33.099,32.549,31.914,31.36
SLV,27.465,25.995,24.484,23.257,22.085,21.261,20.689,20.182,19.812,19.584,19.428,19.372,19.151,18.969,18.809,18.406,17.566,16.974,16.536,16.416,16.188,16.025
SMR,0.0,0.0,0.0,0.0,10.4,9.5,10.0,9.4,11.0,10.7,10.3,10.0,8.7,9.7,9.1,8.2,7.9,6.7,6.8,6.7,6.4,6.2
SOM,49.901,49.72,49.688,49.446,49.232,48.972,48.739,48.466,48.242,47.946,47.696,47.53,47.282,46.995,46.747,46.474,46.156,45.457,44.992,44.564,44.007,43.561
SRB,9.8,10.5,10.4,10.6,10.5,9.7,9.58,9.22,9.4,9.6,9.4,9.1,9.3,9.2,9.3,9.3,9.2,9.2,9.2,9.3,8.9,9.1
SSA,41.6040285807582,41.4436558415125,41.2096542495049,40.9607739311745,40.7595792647838,40.6273628667755,40.4346589929068,40.1929816222152,40.0286314885011,39.6377764372263,39.2707712953284,38.8680584743886,38.3402827183484,37.831250066749,37.370726577986,36.9302866138192,36.4888322782697,36.1055797897206,35.7618608982679,35.4312805602599,35.0112703872459,34.6371043323982
SSD,51.432,50.594,49.484,47.464,45.496,43.519,41.565,40.798,40.691,40.508,40.18,40.255,39.872,39.27,38.48,36.325,35.15,32.651,30.147,29.058,29.166,29.107
SSF,41.6012480308106,41.4408581939463,41.2068729621967,40.9581700846459,40.7569986076908,40.6249724104125,40.43217559319,40.1906098897248,40.0263100692436,39.6355796429443,39.2684784934906,38.8660986222636,38.3384070351019,37.8293258945595,37.3688304631822,36.9284408027138,36.4870880685244,36.1038766291186,35.7602078843382,35.4296239864646,35.0096273952492,34.6356054069473
SST,26.2432813213894,25.9483416815397,25.7385726823165,25.5406149318752,25.3774927316472,25.1790763805761,24.9937785950458,24.7259275288982,24.5224103557707,24.247216515167,23.9154269618246,23.826274287598,23.6395127558168,23.3146063399971,22.951988475422,22.5628545846979,22.1515171882965,21.6860058788736,21.308758470544,20.9730783127648,20.6787180648074,20.3791872830379
STP,39.438,39.941,39.85,39.633,39.396,39.075,38.672,38.241,37.81,37.336,36.873,36.628,36.148,35.159,34.032,32.754,31.602,30.41,29.535,28.917,28.435,28.263
SUR,24.198,23.862,23.49,23.08,22.676,22.271,21.883,21.476,21.076,20.704,20.361,20.06,19.792,19.547,19.334,19.127,18.912,18.758,18.577,18.409,18.279,18.154
SVK,10.2,9.5,9.5,9.6,10.0,10.1,10.0,10.1,10.7,11.4,11.2,11.3,10.3,10.1,10.2,10.3,10.6,10.7,10.6,10.5,10.4,10.4
SVN,9.1,8.8,8.8,8.7,9.0,9.1,9.4,9.8,10.8,10.7,10.9,10.7,10.7,10.2,10.3,10.0,9.9,9.8,9.4,9.3,8.9,9.0
SWE,10.2,10.3,10.7,11.1,11.2,11.2,11.7,11.7,11.9,12.0,12.3,11.8,11.9,11.8,11.9,11.7,11.8,11.5,11.4,11.1,10.9,11.0
SWZ,32.162,31.806,31.395,31.443,31.63,31.59,31.229,31.247,31.376,31.001,30.083,29.665,29.294,29.019,28.423,27.737,27.105,26.408,25.718,25.118,24.615,24.134
SXM,16.118,15.387,14.671,14.133,13.721,12.8,13.7,11.7,13.0,12.5,13.1,12.9,12.0,14.0,14.1,12.9,11.5,9.0,10.1,9.6,10.0,10.5
SYC,18.6,17.7,17.7,18.1,17.4,18.5,17.3,17.6,17.8,18.1,16.8,18.6,18.6,17.4,17.0,17.0,17.4,17.2,17.1,16.4,15.8,16.8
SYR,30.644,30.99,30.822,30.689,30.581,30.5,30.307,30.782,31.021,29.736,28.675,27.52,26.618,25.2,22.39,20.233,18.874,18.568,18.155,18.883,19.67,20.111
TCA,23.646,22.768,21.693,20.404,19.194,18.087,17.089,16.146,15.285,14.411,13.702,13.488,13.258,13.042,12.808,12.816,13.216,13.308,13.13,12.849,12.685,12.476
TCD,51.324,51.08,50.307,49.949,50.29,50.317,49.923,49.711,49.234,48.922,48.764,48.357,48.019,47.46,46.998,46.367,45.456,44.811,44.37,44.229,43.849,43.357
TEA,16.3547144436544,15.837044009211,15.3979834962347,14.9987093925737,14.8475462761511,14.8794534862123,14.6339711332676,14.6549682311485,14.6437631350235,14.4515959347791,14.3448490747821,15.2637514064475,16.1230422852302,14.9656841504042,15.4113201250243,14.0398043088944,15.0048616234902,14.2637582558971,12.9695549272651,12.5938313771435,11.2505226538016,10.510229784648
TEC,12.5892394539159,12.58542820847,12.6134784261854,12.7106572286609,13.0463895787663,13.0387779383283,13.3415888126844,13.9106593532093,14.5017139815842,14.6423435986625,14.6151787459742,14.5336772693386,14.8685969948499,14.8816896795294,15.0841637234826,15.0521989834478,14.7981301807934,14.0677142813503,13.7166804715853,13.2577656908964,12.9776914403545,12.8185868646428
TGO,38.668,38.562,38.421,38.15,37.659,37.581,37.603,37.822,37.561,37.478,37.351,36.632,35.846,35.308,34.827,34.392,34.099,33.656,33.186,32.756,32.302,31.856
THA,13.526,13.176,12.919,12.833,12.698,12.724,12.472,12.386,12.249,12.003,11.926,11.95,11.754,11.374,11.004,10.607,10.26,9.98,9.662,9.377,9.182,8.999
TJK,31.771,30.99,30.167,29.135,28.833,28.48,28.548,28.909,29.587,30.432,31.045,31.274,31.169,31.34,31.432,31.228,30.213,28.932,28.688,28.267,27.53,26.749
TKM,23.709,22.844,22.103,22.055,22.043,22.335,22.644,23.038,23.675,24.458,25.273,25.969,26.452,26.627,26.502,26.071,25.424,24.648,23.845,23.055,22.294,21.592
TLA,22.4512184736824,21.9262035997474,21.3810395236816,20.8315209181928,20.5058251433303,20.1706441779429,19.7776884705684,19.4002919551419,19.0570895979318,18.8149559985596,18.5679705441169,18.3495963955798,18.0282746225691,17.7371866676368,17.5079137803322,17.2236897375458,16.7197061138601,16.4780511206133,16.1555708826208,15.662463474774,15.2584256612295,14.9352555415721
TLS,39.095,39.117,38.954,38.298,37.598,36.475,35.355,34.191,33.173,32.315,31.39,30.667,29.822,29.144,28.429,27.7,27.018,26.487,25.921,25.511,25.258,24.944
TMN,24.6776629108059,24.4835130641138,24.2465473222332,24.21765323514,24.1851596826405,24.2221433863279,24.3127899708457,24.5454482296283,24.7128108624854,24.8315744596668,25.1510699249638,25.3779103529615,25.6110852051227,25.6480805481661,25.4326079616172,24.9098511087333,23.8743967852946,23.3400409004829,22.6170599229103,21.7082744936126,21.195673605404,20.7407242233147
TON,28.378,28.257,28.71,29.248,29.347,29.13,28.731,28.277,27.993,27.63,27.266,26.943,26.505,26.104,25.68,25.171,24.543,24.015,23.625,23.424,23.139,23.045
TSA,28.4000394157068,28.0930675464758,27.4992458505484,26.8250495955445,26.1843495486726,25.3996648293326,24.7209959137882,24.2792709972452,23.8033281779627,23.4438801857246,22.9772672466499,22.5074113517966,22.0577506657294,21.6234411944002,20.8382477682124,20.4955245460969,20.2269618221578,19.6780249398774,19.4303745613095,18.9326809742979,18.5162469099945,18.3365608834268
TSS,41.6012480308106,41.4408581939463,41.2068729621967,40.9581700846459,40.7569986076908,40.6249724104125,40.43217559319,40.1906098897248,40.0263100692436,39.6355796429443,39.2684784934906,38.8660986222636,38.3384070351019,37.8293258945595,37.3688304631822,36.9284408027138,36.4870880685244,36.1038766291186,35.7602078843382,35.4296239864646,35.0096273952492,34.6356054069473
TTO,15.211,15.147,15.022,14.996,14.892,14.903,15.087,15.224,15.191,14.879,14.842,14.781,14.572,14.282,13.958,13.604,13.292,12.909,12.557,12.359,11.946,11.687
TUN,17.002,16.686,16.531,16.68,16.754,16.883,16.916,17.085,17.328,17.667,18.211,18.934,19.184,19.33,19.303,19.119,18.78,18.399,17.737,17.215,16.628,16.093
TUR,21.436,21.583,19.803,18.995,18.922,18.901,18.899,18.55,18.315,18.06,17.746,17.638,17.664,17.737,17.972,17.939,17.739,17.368,16.481,15.594,15.033,14.678
TUV,25.783,25.1,24.478,23.822,23.277,23.043,23.372,22.58,22.306,22.186,22.32,22.512,22.741,22.296,22.265,22.359,22.659,22.999,23.508,23.619,23.632,23.484
TZA,42.131,42.12,41.871,41.838,41.96,42.069,41.747,41.143,40.668,40.183,39.729,39.076,38.329,38.721,38.893,38.741,38.379,38.058,37.525,37.113,36.651,36.21
UGA,48.593,48.251,47.774,47.115,46.68,45.989,45.363,44.688,43.934,43.544,43.068,42.434,41.743,40.943,40.154,39.422,38.709,38.343,38.062,37.667,37.252,36.795
UKR,7.8,7.7,8.1,8.5,9.0,9.0,9.8,10.2,11.0,11.1,10.8,11.0,11.4,11.1,10.8,10.7,10.3,9.4,8.7,8.1,7.8,7.3
UMC,16.5551971018514,16.0857231013859,15.6529867218768,15.3146791444169,15.2250821412161,15.2339586724624,15.0242266869159,15.038789239624,15.0654495372976,14.8946575728734,14.8223586848631,15.5478003322342,16.1815225351302,15.2517232357221,15.5863488674461,14.4880779952312,15.0720614131205,14.3799412345015,13.3088815029963,12.8749754278461,11.7468851832203,11.1172076722691
URY,15.768,15.52,15.545,15.204,15.075,15.103,14.837,14.618,14.455,14.34,14.264,14.223,14.196,14.197,14.082,14.216,13.64,12.579,11.605,10.822,10.339,10.473
USA,14.4,14.1,14.0,14.1,14.0,14.0,14.3,14.3,14.0,13.5,13.0,12.7,12.6,12.4,12.5,12.4,12.2,11.8,11.6,11.4,10.9,11.0
UZB,21.4,20.5,21.1,19.9,20.9,20.4,21.0,22.7,23.7,23.4,22.0,21.2,21.0,22.5,23.3,23.5,22.8,22.1,23.3,24.3,24.6,25.9
VCT,19.585,19.097,18.35,17.674,17.127,16.83,16.637,16.72,17.048,17.118,16.854,16.484,16.509,16.312,16.19,15.891,15.161,14.269,13.708,13.346,13.071,12.901
VEN,23.9,23.53,23.208,22.869,22.579,22.334,22.06,21.744,21.433,21.117,20.805,20.466,20.143,19.827,19.507,19.201,18.898,18.502,17.832,16.888,16.213,15.877
VGB,14.729,11.675,9.78,10.541,12.367,11.252,10.498,11.197,10.918,10.36,9.863,10.242,9.002,8.667,9.643,9.189,7.724,6.847,7.114,7.29,7.448,7.634
VIR,14.4,13.1,15.1,14.0,14.5,14.8,13.2,16.4,15.8,15.3,14.8,13.8,13.1,13.1,13.2,13.2,13.0,12.8,12.6,12.3,12.1,11.8
VNM,18.046,17.969,18.142,17.879,17.862,17.465,16.995,17.072,17.143,17.016,16.906,16.929,17.078,17.152,16.981,16.787,16.438,16.1,15.873,15.663,15.4,15.008
VUT,33.117,33.059,32.649,32.346,32.09,31.853,31.85,32.118,32.466,32.78,33.056,33.279,33.249,33.087,32.855,32.42,32.029,31.484,30.889,30.4,29.939,29.438
WLD,21.8417244542754,21.5513509243812,21.2414985138073,20.9577166791774,20.7885499141928,20.6113133334615,20.4410124600856,20.4042938271344,20.3411082328068,20.1632467740456,20.0045138463104,20.1191521275873,20.2340589772801,19.7279701392139,19.6427698908128,19.1126163663672,19.1735606456429,18.6997855256149,18.1784940230128,17.817433484592,17.226395822445,16.9390733936519
WSM,31.005,30.478,29.94,29.624,29.347,29.118,28.905,28.863,29.294,29.781,30.195,30.466,30.486,30.155,29.801,29.4,28.949,28.579,28.222,27.895,27.622,27.254
XKX,17.329,17.249,16.858,15.749,17.781,19.488,18.679,18.673,19.859,19.988,19.855,16.312,16.399,17.061,14.95,13.614,12.848,12.615,12.094,11.443,11.181,11.143
YEM,40.24,39.236,38.654,38.546,38.214,37.917,37.776,37.177,36.722,36.2,35.791,35.49,35.125,34.794,34.428,33.933,33.348,32.713,32.305,31.778,31.252,30.544
ZAF,20.705,20.392,20.04,20.473,21.261,21.913,22.455,22.629,24.08,22.664,22.274,22.282,22.353,22.177,22.057,21.3,20.25,20.643,21.137,21.276,20.326,19.821
ZMB,45.866,45.227,44.746,44.399,44.349,44.242,44.014,43.484,42.981,42.397,41.794,41.162,40.352,39.507,38.584,37.832,37.242,36.601,36.04,35.462,34.953,34.511
ZWE,35.637,35.961,35.924,35.88,35.45,34.947,34.501,34.81,35.59,36.749,37.056,37.205,36.804,36.246,35.122,33.96,33.171,32.516,32.074,31.518,31.009,30.537
